t,y1
0.0,2.0
0.010050251256281407,2.0303027739585024
0.020100502512562814,2.0609116352188295
0.03015075376884422,2.0918296748025575
0.04020100502512563,2.123060014355595
0.05025125628140704,2.154605808038317
0.06030150753768844,2.186470242525564
0.07035175879396985,2.2186565370066424
0.08040201005025126,2.251167943185326
0.09045226130653267,2.2840077452798537
0.10050251256281408,2.3171792603737447
0.11055276381909548,2.350685840172673
0.12060301507537688,2.384530867391064
0.1306532663316583,2.4187177594811846
0.1407035175879397,2.453249969417931
0.15075376884422112,2.4881309856988305
0.16080402010050251,2.5233643323440393
0.1708542713567839,2.5589535688963436
0.18090452261306533,2.59490229042116
0.19095477386934673,2.6312141280660684
0.20100502512562815,2.6678927507410295
0.21105527638190955,2.7049418612569527
0.22110552763819097,2.7423652006619137
0.23115577889447236,2.780166548872857
0.24120603015075376,2.8183497246755977
0.25125628140703515,2.8569185857248196
0.2613065326633166,2.8958770285440774
0.271356783919598,2.935228988525794
0.2814070351758794,2.97497844058549
0.2914572864321608,3.0151294009787932
0.30150753768844224,3.055685923009198
0.31155778894472363,3.096652101868934
0.32160804020100503,3.1380320753081836
0.3316582914572864,3.1798300236350787
0.3417085427135678,3.222050169715702
0.35175879396984927,3.264696778974086
0.36180904522613067,3.3077741593922125
0.37185929648241206,3.3512866621170185
0.38190954773869346,3.395238683762146
0.3919597989949749,3.439634661388082
0.4020100502512563,3.484479077767074
0.4120603015075377,3.529776462294834
0.4221105527638191,3.575531390990534
0.4321608040201005,3.6217484864968075
0.44221105527638194,3.668432418079751
0.45226130653266333,3.7155879016289206
0.4623115577889447,3.7632197000823933
0.4723618090452261,3.811332626481984
0.4824120603015075,3.8599315381405823
0.49246231155778897,3.9090213419981694
0.5025125628140703,3.958606996097941
0.5125628140703518,4.00869350958631
0.5226130653266332,4.059285942712904
0.5326633165829145,4.110389406830567
0.542713567839196,4.16200906439536
0.5527638190954774,4.214150129140834
0.5628140703517588,4.266817869826367
0.5728643216080402,4.320017604155933
0.5829145728643216,4.373754703269221
0.592964824120603,4.428034594344835
0.6030150753768845,4.482862760600296
0.6130653266331658,4.538244741292041
0.6231155778894473,4.59418613171542
0.6331658291457286,4.6506925832047
0.6432160804020101,4.707769803136886
0.6532663316582915,4.765423558615362
0.6633165829145728,4.823659672010955
0.6733668341708543,4.882484022459138
0.6834170854271356,4.941902550571906
0.6934673366834171,5.001921258437773
0.7035175879396985,5.062546209621772
0.7135678391959799,5.123783529165458
0.7236180904522613,5.185639403586906
0.7336683417085427,5.24812008088071
0.7437185929648241,5.31123187305142
0.7537688442211056,5.374981155594812
0.7638190954773869,5.4393743637401455
0.7738693467336684,5.504417999995163
0.7839195979899498,5.570118634334281
0.7939698492462312,5.6364829041985836
0.8040201005025126,5.703517514495833
0.8140703517587939,5.77122923760046
0.8241206030150754,5.839624913353571
0.8341708542713568,5.908711450356422
0.8442211055276382,5.978495829307635
0.8542713567839196,6.048985094757199
0.864321608040201,6.120186364122629
0.8743718592964824,6.192106828886615
0.8844221105527639,6.264753754597013
0.8944723618090452,6.338134480866848
0.9045226130653267,6.41225642137432
0.914572864321608,6.487127063862792
0.9246231155778895,6.562753970432328
0.9346733668341709,6.639144783231826
0.9447236180904522,6.716307215054247
0.9547738693467337,6.794249056215838
0.964824120603015,6.872978178366326
0.9748743718592965,6.952502534488921
0.9849246231155779,7.03283015890031
0.9949748743718593,7.113969167250667
1.0050251256281406,7.195927756523641
1.015075376884422,7.278714205036368
1.0251256281407035,7.362336876842838
1.035175879396985,7.4468042183680305
1.0452261306532664,7.53212475630619
1.0552763819095476,7.618307106637987
1.065326633165829,7.705359974683422
1.0753768844221105,7.793292155101808
1.085427135678392,7.882112531891785
1.0954773869346734,7.97183007839131
1.105527638190955,8.062453857277665
1.1155778894472361,8.153993022471838
1.1256281407035176,8.24645682334452
1.135678391959799,8.339854593698147
1.1457286432160805,8.434195764025576
1.155778894472362,8.529489862976945
1.1658291457286432,8.625746517359666
1.1758793969849246,8.722975452138446
1.185929648241206,8.821186490435256
1.1959798994974875,8.920389553529358
1.206030150753769,9.020594661090374
1.2160804020100502,9.121811938907053
1.2261306532663316,9.22405160688466
1.236180904522613,9.327323986786414
1.2462311557788945,9.431639508245057
1.256281407035176,9.537008708762844
1.2663316582914572,9.643442233711546
1.2763819095477387,9.750950836332454
1.2864321608040201,9.85954537773637
1.2964824120603016,9.969236826903616
1.306532663316583,10.080036265178018
1.3165829145728642,10.19195488582259
1.3266331658291457,10.305003986227833
1.3366834170854272,10.419194981940347
1.3467336683417086,10.534539407073254
1.35678391959799,10.651048914306202
1.3668341708542713,10.768735274885357
1.3768844221105527,10.88761037862342
1.3869346733668342,11.007686233899605
1.3969849246231156,11.128974968811743
1.407035175879397,11.251488839854458
1.4170854271356783,11.375240215226768
1.4271356783919598,11.500241589276209
1.4371859296482412,11.626505586698283
1.4472361809045227,11.754044962536467
1.4572864321608041,11.882872602182216
1.4673366834170853,12.013001521374953
1.4773869346733668,12.144444866202086
1.4874371859296482,12.277215913098988
1.4974874371859297,12.411328076530975
1.5075376884422111,12.546794902303944
1.5175879396984926,12.683630065195509
1.5276381909547738,12.821847383260229
1.5376884422110553,12.961460817876317
1.5477386934673367,13.102484473745621
1.5577889447236182,13.244932598893643
1.5678391959798996,13.388819584669525
1.5778894472361809,13.534159965746058
1.5879396984924623,13.680968422530976
1.5979899497487438,13.82925978980948
1.6080402010050252,13.979049037096111
1.6180904522613067,14.130351288205292
1.6281407035175879,14.283181824565894
1.6381909547738693,14.437556085221244
1.6482412060301508,14.593489666829107
1.6582914572864322,14.750998323661692
1.6683417085427137,14.91009796760566
1.678391959798995,15.070804668167112
1.6884422110552764,15.233134663575598
1.6984924623115578,15.39710434759633
1.7085427135678393,15.562730272723158
1.7185929648241207,15.730029164803467
1.728643216080402,15.899017923038175
1.7386934673366834,16.069713619981744
1.7487437185929648,16.24213350154217
1.7587939698492463,16.416294986980986
1.7688442211055277,16.592215668913255
1.778894472361809,16.769913317000572
1.7889447236180904,16.949405886792434
1.7989949748743719,17.13071149698386
1.8090452261306533,17.313848453851136
1.8190954773869348,17.498835254358138
1.829145728643216,17.685690586156305
1.8391959798994975,17.874433327584672
1.849246231155779,18.065082547669824
1.8592964824120604,18.257657506125945
1.8693467336683418,18.452177653402096
1.879396984924623,18.648662644947787
1.8894472361809045,18.847132322805695
1.899497487437186,19.04760672241607
1.9095477386934674,19.250106088997242
1.9195979899497488,19.454650877545635
1.92964824120603,19.661261752835745
1.9396984924623115,19.86995958942018
1.949748743718593,20.08076547162961
1.9597989949748744,20.2937006935728
1.9698492462311559,20.508786760039033
1.9798994974874373,20.72604539460647
1.9899497487437185,20.945498541825827
2.0,21.1671683688676
