t,y1,y2
0,3,1
0.002,3.0120240320320257,1.0047054249863228
0.0040000000000000001,3.0240962565128204,1.0094365905407101
0.0060000000000000001,3.0362168665982332,1.0141939697136428
0.0080000000000000002,3.0483860562182845,1.0189780338894165
0.01,3.0606040200802673,1.0237892525597538
0.012,3.0728709536718646,1.0286280930899958
0.014,3.0851870532642751,1.0334950204777649
0.016,3.0975525159153552,1.0383904971039901
0.018000000000000002,3.109967539472771,1.0433149824761978
0.020000000000000004,3.1224323225771644,1.0482689329639718
0.022000000000000006,3.1349470646653312,1.0532528015264953
0.024000000000000007,3.1475119659734117,1.0582670374320948
0.026000000000000009,3.1601272275400945,1.0633120859697129
0.028000000000000011,3.1727930512098341,1.0683883881522447
0.030000000000000013,3.1855096396360794,1.0734963804116842
0.032000000000000015,3.1982771962845162,1.0786364942860323
0.034000000000000016,3.2110959254363234,1.0838091560979335
0.036000000000000018,3.223966032191441,1.0890147866250153
0.03800000000000002,3.236887722471852,1.0942538007619185
0.040000000000000022,3.2498612030248761,1.099526607174018
0.042000000000000023,3.2628866814264788,1.1048336079428485
0.044000000000000025,3.2759643660845925,1.1101751982032628
0.046000000000000027,3.2890944662424513,1.1155517657723635
0.048000000000000029,3.3022771919819371,1.1209636907702694
0.050000000000000031,3.3155127542269431,1.1264113452327906
0.052000000000000032,3.3288013647467478,1.1318950927161044
0.054000000000000034,3.3421432361594028,1.1374152878935455
0.056000000000000036,3.3555385819351358,1.1429722761446388
0.058000000000000038,3.3689876163997643,1.1485663931365271
0.060000000000000039,3.3824905547381272,1.1541979643979656
0.062000000000000041,3.3960476129975254,1.1598673048860773
0.064000000000000043,3.4096590080911811,1.1655747185460847
0.066000000000000045,3.4233249578017055,1.1713204978642624
0.068000000000000047,3.4370456807845855,1.1771049234143705
0.070000000000000048,3.4508213965716821,1.1829282633978651
0.07200000000000005,3.464652325574741,1.1887907731781999
0.074000000000000052,3.4785386890889218,1.1946926948095649
0.076000000000000054,3.4924807092963372,1.2006342565604344
0.078000000000000055,3.5064786092696076,1.2066156724323263
0.080000000000000057,3.5205326129754311,1.2126371416742014
0.082000000000000059,3.5346429452781667,1.2186988482929682
0.084000000000000061,3.5488098319434327,1.2248009605605787
0.086000000000000063,3.5630334996417177,1.2309436305182462
0.088000000000000064,3.5773141759520084,1.2371269934783327
0.090000000000000066,3.5916520893654305,1.2433511675244999
0.092000000000000068,3.6060474692889044,1.24961625301074
0.09400000000000007,3.6205005460488158,1.2559223320599415
0.096000000000000071,3.6350115508947014,1.2622694680626771
0.098000000000000073,3.6495807160029483,1.2686577051769332
0.10000000000000007,3.6642082744805093,1.2750870678295343
0.10200000000000008,3.6788944603686318,1.2815575602200511
0.10400000000000008,3.6936395086466032,1.2880691658280097
0.10600000000000008,3.7084436552355107,1.2946218469242581
0.10800000000000008,3.7233071370020152,1.3012155440873716
0.11000000000000008,3.7382301917621423,1.3078501757260177
0.11200000000000009,3.7532130582850867,1.3145256376082264
0.11400000000000009,3.7682559762970325,1.3212418023985457
0.11600000000000009,3.7833591864849883,1.327998519204088
0.11800000000000009,3.7985229305006394,1.3347956131305048
0.12000000000000009,3.8137474509642137,1.3416328848489503
0.12200000000000009,3.8290329914683636,1.3485101101751218
0.1240000000000001,3.844379796582063,1.3554270396614869
0.12600000000000008,3.8597881118545212,1.3623833982038298
0.12800000000000009,3.8752581838191111,1.369378884663268
0.13000000000000009,3.8907902599973148,1.3764131715049077
0.13200000000000009,3.9063845889026818,1.3834859044543224
0.13400000000000009,3.9220414200448075,1.3905967021730492
0.13600000000000009,3.937761003933324,1.3977451559543086
0.13800000000000009,3.9535435920819091,1.4049308294401595
0.1400000000000001,3.96938943701231,1.4121532583613035
0.1420000000000001,3.9852987922583831,1.4194119503007552
0.1440000000000001,4.0012719123701528,1.4267063844825887
0.1460000000000001,4.0173090529178808,1.4340360115869655
0.1480000000000001,4.0334104704961575,1.4414002535926376
0.15000000000000011,4.0495764227280082,1.4487985036481061
0.15200000000000011,4.0658071682690142,1.456230125972594
0.15400000000000011,4.0821029668114495,1.4636944557879725
0.15600000000000011,4.0984640790884388,1.4711907992827509
0.15800000000000011,4.1148907668781272,1.4787184336092085
0.16000000000000011,4.13138329300787,1.4862766069147142
0.16200000000000012,4.147941921358437,1.4938645384082336
0.16400000000000012,4.1645669168682353,1.501481418462985
0.16600000000000012,4.1812585455375482,1.5091264087561516
0.16800000000000012,4.1980170744327898,1.5167986424465054
0.17000000000000012,4.2148427716907797,1.5244972243907413
0.17200000000000013,4.231735906523034,1.5322212313992531
0.17400000000000013,4.2486967492200689,1.5399697125320213
0.17600000000000013,4.2657255711557305,1.5477416894352087
0.17800000000000013,4.2828226447915325,1.5555361567189836
0.18000000000000013,4.2999882436810184,1.5633520823770137
0.18200000000000013,4.3172226424741362,1.571188408247989
0.18400000000000014,4.3345261169216345,1.5790440505194459
0.18600000000000014,4.3518989438794735,1.5869179002740761
0.18800000000000014,4.369341401313255,1.5948088240786087
0.19000000000000014,4.3868537683026707,1.60271566461526
0.19200000000000014,4.4044363250459648,1.6106372413556476
0.19400000000000014,4.4220893528644218,1.6185723512769623
0.19600000000000015,4.4398131342068625,1.6265197696200941
0.19800000000000015,4.4576079526541665,1.6344782506893005
0.20000000000000015,4.4754740929238084,1.642446528692902
0.20200000000000015,4.4934118408744137,1.6504233186243875
0.20400000000000015,4.5114214835103326,1.6584073171832028
0.20600000000000016,4.5295033089862313,1.6663972037343917
0.20800000000000016,4.5476576066117032,1.6743916413061566
0.21000000000000016,4.5658846668558981,1.6823892776242997
0.21200000000000016,4.5841847813521683,1.6903887461824043
0.21400000000000016,4.6025582429027363,1.6983886673465194
0.21600000000000016,4.6210053454833782,1.7063876494930066
0.21800000000000017,4.6395263842481294,1.7143842901781225
0.22000000000000017,4.6581216555340053,1.7223771773378116
0.22200000000000017,4.6767914568657432,1.7303648905161018
0.22400000000000017,4.695536086960562,1.7383460021204096
0.22600000000000017,4.7143558457329444,1.7463190787019853
0.22800000000000017,4.7332510342994309,1.7542826822596549
0.23000000000000018,4.7522219549834421,1.7622353715649446
0.23200000000000018,4.7712689113201145,1.7701757035066177
0.23400000000000018,4.7903922080611547,1.7781022344525916
0.23600000000000018,4.8095921511797188,1.7860135216271567
0.23800000000000018,4.8288690478753065,1.7939081245013726
0.24000000000000019,4.8482232065786768,1.8017846061944847
0.24200000000000019,4.8676549369567805,1.8096415348841695
0.24400000000000019,4.8871645499177188,1.8174774852234008
0.24600000000000019,4.9067523576157157,1.8252910397617081
0.24800000000000019,4.9264186734561122,1.8330807903685933
0.25000000000000017,4.946163812100381,1.8408453396568722
0.25200000000000017,4.9659880894711614,1.848583302403713
0.25400000000000017,4.9858918227573144,1.8562933069671561
0.25600000000000017,5.0058753304189976,1.863973996695925
0.25800000000000017,5.0259389321927594,1.8716240313303631
0.26000000000000018,5.0460829490966566,1.8792420883923675
0.26200000000000018,5.0663077034353883,1.8868268645622317
0.26400000000000018,5.0866135188054571,1.8943770770403603
0.26600000000000018,5.1070007201003405,1.9018914648918692
0.26800000000000018,5.1274696335156955,1.9093687903721488
0.27000000000000018,5.1480205865545727,1.9168078402315303
0.27200000000000019,5.1686539080326597,1.92420742699727
0.27400000000000019,5.189369928083539,1.9315663902311389
0.27600000000000019,5.2101689781639751,1.9388835977609862
0.27800000000000019,5.2310513910592116,1.9461579468847316
0.28000000000000019,5.252017500888301,1.9533883655453261
0.28200000000000019,5.2730676431094476,1.9605738134753128
0.2840000000000002,5.2942021545253759,1.9677132833097146
0.2860000000000002,5.3154213732887197,1.9748058016660677
0.2880000000000002,5.3367256389074322,1.9818504301905198
0.2900000000000002,5.3581152922502175,1.988846266569011
0.2920000000000002,5.3795906755519853,1.9957924455026506
0.29400000000000021,5.4011521324193268,2.0026881396465073
0.29600000000000021,5.4228000078360115,2.0095325605111256
0.29800000000000021,5.4445346481685082,2.0163249593261843
0.30000000000000021,5.4663564011715255,2.0230646278658027
0.30200000000000021,5.4882656159935772,2.0297508992351063
0.30400000000000021,5.5102626431825676,2.0363831486177508
0.30600000000000022,5.532347834691401,2.0429607939841938
0.30800000000000022,5.5545215438836131,2.0494832967605991
0.31000000000000022,5.5767841255390245,2.0559501624583398
0.31200000000000022,5.5991359358594153,2.0623609412641488
0.31400000000000022,5.621577332474228,2.0687152285910444
0.31600000000000023,5.6441086744462874,2.0750126655902377
0.31800000000000023,5.6667303222775463,2.0812529396242909
0.32000000000000023,5.6894426379148513,2.0874357847018712
0.32200000000000023,5.7122459847557385,2.0935609818744965
0.32400000000000023,5.735140727654243,2.099628359595735
0.32600000000000023,5.7581272329267392,2.1056377940433668
0.32800000000000024,5.7812058683578025,2.1115892094050599
0.33000000000000024,5.804377003206092,2.1174825781281612
0.33200000000000024,5.8276410082102599,2.1233179211342339
0.33400000000000024,5.8509982555948818,2.129095307999
0.33600000000000024,5.8744491190764148,2.1348148570983794
0.33800000000000024,5.8979939738691742,2.1404767357213279
0.34000000000000025,5.9216331966913396,2.1460811601501963
0.34200000000000025,5.9453671657709801,2.1516283957093374
0.34400000000000025,5.9691962608521081,2.1571187567826873
0.34600000000000025,5.9931208632007529,2.1625526068010545
0.34800000000000025,6.017141355611062,2.1679303581998304
0.35000000000000026,6.0412581224114268,2.1732524723478295
0.35200000000000026,6.0654715494706304,2.1785194594479411
0.35400000000000026,6.0897820242040224,2.1837318784102608
0.35600000000000026,6.1141899355797165,2.1888903366983286
0.35800000000000026,6.1386956741248158,2.1939954901490752
0.36000000000000026,6.1632996319316602,2.1990480427670369
0.36200000000000027,6.1880022026640997,2.2040487464933536
0.36400000000000027,6.2128037815637924,2.2089984009500183
0.36600000000000027,6.2377047654565301,2.2138978531597946
0.36800000000000027,6.262705552758586,2.2187479972421578
0.37000000000000027,6.2878065434830903,2.2235497740855612
0.37200000000000027,6.3130081392464303,2.2283041709962568
0.37400000000000028,6.3383107432746764,2.2330122213238339
0.37600000000000028,6.3637147604100317,2.237675004063568
0.37800000000000028,6.3892205971173128,2.2422936434355947
0.38000000000000028,6.4148286614904517,2.2468693084408411
0.38200000000000028,6.440539363259024,2.2514032123935723
0.38400000000000029,6.4663531137948072,2.2558966124303157
0.38600000000000029,6.4922703261183594,2.2603508089948421
0.38800000000000029,6.5182914149056312,2.2647671452987943
0.39000000000000029,6.5444167964945992,2.2691470067574531
0.39200000000000029,6.5706468888919254,2.2734918204000381
0.39400000000000029,6.5969821117796474,2.2778030542538459
0.3960000000000003,6.6234228865218938,2.282082216701423
0.3980000000000003,6.6499696361716243,2.2863308558098696
0.4000000000000003,6.6766227854773996,2.290550558631272
0.4020000000000003,6.703382760890177,2.2947429504731525
0.4040000000000003,6.7302499905701341,2.2989096941377225
0.40600000000000031,6.7572249043935191,2.3030524891286164
0.40800000000000031,6.7843079339595285,2.3071730708236813
0.41000000000000031,6.8114995125972131,2.3112732096122901
0.41200000000000031,6.8388000753724114,2.3153547099955354
0.41400000000000031,6.8662100590947102,2.319419409647566
0.41600000000000031,6.8937299023244343,2.3234691784362123
0.41800000000000032,6.9213600453796618,2.3275059174009556
0.42000000000000032,6.9491009303432705,2.3315315576861879
0.42200000000000032,6.9769530010700125,2.3355480594276172
0.42400000000000032,7.0049167031936133,2.3395574105895731
0.42600000000000032,7.0329924841339038,2.3435616257508847
0.42800000000000032,7.0611807931039774,2.3475627448369081
0.43000000000000033,7.0894820811173798,2.3515628317952104
0.43200000000000033,7.1178968009953225,2.3555639732123321
0.43400000000000033,7.1464254073739291,2.3595682768689912
0.43600000000000033,7.1750683567115114,2.3635778702310262
0.43800000000000033,7.2038261072958694,2.3675948988733295
0.44000000000000034,7.2326991192516257,2.3716215248339783
0.44200000000000034,7.2616878545475876,2.3756599248957402
0.44400000000000034,7.2907927770041381,2.3797122887921183
0.44600000000000034,7.3200143523006576,2.383780817335087
0.44800000000000034,7.3493530479829747,2.387867720461692
0.45000000000000034,7.3788093334708451,2.3919752151967053
0.45200000000000035,7.4083836800654659,2.396105523528576
0.45400000000000035,7.4380765609570139,2.4002608701959796
0.45600000000000035,7.4678884512322155,2.4044434803823584
0.45800000000000035,7.4978198278819521,2.4086555773159457
0.46000000000000035,7.5278711698088889,2.4128993797729055
0.46200000000000035,7.5580429578351369,2.4171770994813748
0.46400000000000036,7.5883356747099491,2.4214909384243826
0.46600000000000036,7.6187498051174405,2.4258430860398366
0.46800000000000036,7.6492858356843474,2.4302357163160186
0.47000000000000036,7.6799442549878103,2.4346709847813051
0.47200000000000036,7.7107255535631918,2.439151025387154
0.47400000000000037,7.7416302239119261,2.443677947283752
0.47600000000000037,7.7726587605093975,2.4482538314881044
0.47800000000000037,7.8038116598128537,2.4528807274447924
0.48000000000000037,7.8350894202693491,2.457560649480091
0.48200000000000037,7.8664925423237166,2.4622955731506657
0.48400000000000037,7.8980215284265807,2.4670874314886309
0.48600000000000038,7.92967688304239,2.4719381111453553
0.48800000000000038,7.9614591126574954,2.4768494484370693
0.49000000000000038,7.9933687257882475,2.4818232252960182
0.49200000000000038,8.0254062329891376,2.4868611651316623
0.49400000000000038,8.0575721468609647,2.4919649286072221
0.49600000000000039,8.0898669820590356,2.4971361093376991
0.49800000000000039,8.1222912553014037,2.5023762295163983
0.50000000000000033,8.1548454853771322,2.5076867354778964
0.50200000000000033,8.187530193154597,2.5130689932063701
0.50400000000000034,8.2203459015898197,2.5185242837992017
0.50600000000000034,8.253293135734836,2.5240537988968126
0.50800000000000034,8.2863724227460942,2.529658636090736
0.51000000000000034,8.3195842918928911,2.5353397943230309
0.51200000000000034,8.3529292745658434,2.5410981692912307
0.51400000000000035,8.3864079042853845,2.5469345488741415
0.51600000000000035,8.4200207167103045,2.5528496085949008
0.51800000000000035,8.4537682496463198,2.5588439071388267
0.52000000000000035,8.4876510430546759,2.564917881944655
0.52200000000000035,8.5216696390607911,2.5710718448888339
0.52400000000000035,8.5558245819629271,2.5773059780835541
0.52600000000000036,8.590116418240898,2.5836203298101581
0.52800000000000036,8.6245456965648177,2.5900148106104788
0.53000000000000036,8.659112967803873,2.5964891895594753
0.53200000000000036,8.6938187850351412,2.6030430907432671
0.53400000000000036,8.7286637035524368,2.6096759899672959
0.53600000000000037,8.7636482808752021,2.6163872117198417
0.53800000000000037,8.7987730767574188,2.6231759264164989
0.54000000000000037,8.8340386531965702,2.6300411479514314
0.54200000000000037,8.8694455744426328,2.6369817315812836
0.54400000000000037,8.9049944070071021,2.6439963721675066
0.54600000000000037,8.9406857196720555,2.6510836028025451
0.54800000000000038,8.9765200834992598,2.6582417938448213
0.55000000000000038,9.012498071839298,2.6654691523867311
0.55200000000000038,9.0486202603407531,2.6727637221789196
0.55400000000000038,9.0848872269594114,2.6801233840329428
0.55600000000000038,9.1212995519675122,2.6875458567230126
0.55800000000000038,9.1578578179630323,2.6950286984058947
0.56000000000000039,9.1945626098790072,2.7025693085761584
0.56200000000000039,9.2314145149928901,2.7101649305718856
0.56400000000000039,9.2684141229359511,2.7178126546436161
0.56600000000000039,9.3055620257027041,2.7255094215967812
0.56800000000000039,9.3428588176603871,2.7332520270151366
0.5700000000000004,9.3803050955584677,2.7410371260697768
0.5720000000000004,9.4179014585381911,2.7488612389152314
0.5740000000000004,9.4556485081421648,2.7567207566708976
0.5760000000000004,9.4935468483239909,2.76461194798271
0.5780000000000004,9.5315970854579195,2.7725309661564963
0.5800000000000004,9.5697998283485557,2.7804738568509495
0.58200000000000041,9.6081556882406005,2.7884365663146085
0.58400000000000041,9.6466652788286318,2.7964149501476845
0.58600000000000041,9.6853292162669202,2.8044047825660807
0.58800000000000041,9.72414811917929,2.8124017661415062
0.59000000000000041,9.7631226086690148,2.8204015419882786
0.59200000000000041,9.8022533083287584,2.8283997003642289
0.59400000000000042,9.8415408442505505,2.8363917916501333
0.59600000000000042,9.8809858450358021,2.8443733376693192
0.59800000000000042,9.9205889418053701,2.8523398433065723
0.60000000000000042,9.9603507682096453,2.8602868083832087
0.60200000000000042,10.000271960438701,2.8682097397432424
0.60400000000000043,10.040353157232461,2.8761041635039435
0.60600000000000043,10.080594999890932,2.8839656374228184
0.60800000000000043,10.120998132284454,2.8917897633321137
0.61000000000000043,10.161563200864007,2.8995721995914034
0.61200000000000043,10.202290854671554,2.9073086735086431
0.61400000000000043,10.243181745350425,2.9149949936802697
0.61600000000000044,10.284236527155743,2.9226270622014985
0.61800000000000044,10.325455856964892,2.9302008866988896
0.62000000000000044,10.36684039428803,2.9377125921385367
0.62200000000000044,10.408390801278635,2.9451584323648281
0.62400000000000044,10.450107742744107,2.9525348013266286
0.62600000000000044,10.491991886156399,2.9598382439499198
0.62800000000000045,10.534043901662697,2.9670654666183651
0.63000000000000045,10.57626446209615,2.9742133472259029
0.63200000000000045,10.618654242986622,2.9812789447683086
0.63400000000000045,10.661213922571514,2.9882595084436305
0.63600000000000045,10.703944181806607,2.9951524862344865
0.63800000000000046,10.746845704376959,3.0019555329483545
0.64000000000000046,10.789919176707848,3.0086665176951808
0.64200000000000046,10.833165287975749,3.0152835307847945
0.64400000000000046,10.876584730119365,3.0218048900297689
0.64600000000000046,10.920178197850698,3.028229146442424
0.64800000000000046,10.963946388666159,3.0345550893176338
0.65000000000000047,11.007890002857737,3.0407817506959165
0.65200000000000047,11.052009743524195,3.0469084092039562
0.65400000000000047,11.096306316582327,3.0529345932721736
0.65600000000000047,11.140780430778245,3.0588600837312452
0.65800000000000047,11.185432797698725,3.0646849157915019
0.66000000000000048,11.230264131782592,3.0704093804109656
0.66200000000000048,11.275275150332146,3.0760340250593292
0.66400000000000048,11.320466573524644,3.0815596538865
0.66600000000000048,11.365839124423823,3.086987327305375
0.66800000000000048,11.411393528991464,3.0923183609992964
0.67000000000000048,11.457130516099012,3.0975543243651766
0.67200000000000049,11.503050817539236,3.1026970384035506
0.67400000000000049,11.54915516803794,3.1077485730668455
0.67600000000000049,11.595444305265714,3.1127112440769649
0.67800000000000049,11.641918969849742,3.1175876092228467
0.68000000000000049,11.688579905385648,3.1223804641480313
0.68200000000000049,11.735427858449398,3.1270928376374445
0.6840000000000005,11.782463578609239,3.1317279864116094
0.6860000000000005,11.829687818437696,3.1362893894353476
0.6880000000000005,11.877101333523616,3.1407807417467457
0.6900000000000005,11.924704882484249,3.1452059478107737
0.6920000000000005,11.972499226977398,3.1495691144004629
0.69400000000000051,12.02048513171359,3.1538745430070101
0.69600000000000051,12.068663364468327,3.1581267217786069
0.69800000000000051,12.117034696094361,3.1623303169862074
0.70000000000000051,12.16559990053403,3.1664901640128895
0.70200000000000051,12.214359754831639,3.1706112578619603
0.70400000000000051,12.263315039145899,3.1746987431775247
0.70600000000000052,12.312466536762404,3.1787579037699247
0.70800000000000052,12.361815034106161,3.1827941516372906
0.71000000000000052,12.411361320754184,3.1868130154734571
0.71200000000000052,12.461106189448115,3.1908201286517293
0.71400000000000052,12.511050436106913,3.1948212166734642
0.71600000000000052,12.561194859839592,3.198822084070212
0.71800000000000053,12.611540262958,3.2028286007482558
0.72000000000000053,12.662087450989663,3.2068466877648754
0.72200000000000053,12.712837232690665,3.2108823025265303
0.72400000000000053,12.7637904200586,3.2149414234005085
0.72600000000000053,12.814947828345549,3.2190300337333979
0.72800000000000054,12.866310276071136,3.223154105272112
0.73000000000000054,12.917878585035623,3.2273195809861255
0.73200000000000054,12.969653580333052,3.2315323572931232
0.73400000000000054,13.021636090364453,3.2357982656944468
0.73600000000000054,13.073826946851094,3.2401230538315899
0.73800000000000054,13.126226984847793,3.2445123659805573
0.74000000000000055,13.178837042756276,3.2489717230071844
0.74200000000000055,13.231657962338593,3.2535065018135421
0.74400000000000055,13.284690588730582,3.2581219143132993
0.74600000000000055,13.337935770455397,3.262822985982416
0.74800000000000055,13.391394359437083,3.2676145340407232
0.75000000000000056,13.445067211014202,3.2725011453298301
0.75200000000000056,13.498955183953525,3.2774871539632882
0.75400000000000056,13.55305914046377,3.2825766188359915
0.75600000000000056,13.607379946209395,3.2877733010913066
0.75800000000000056,13.66191847032445,3.293080641656295
0.76000000000000056,13.716675585426485,3.2985017389674738
0.76200000000000057,13.771652167630508,3.3040393270217185
0.76400000000000057,13.826849096563009,3.3096957538989407
0.76600000000000057,13.882267255376028,3.3154729609148825
0.76800000000000057,13.937907530761288,3.3213724625735437
0.77000000000000057,13.993770812964383,3.3273953274991088
0.77200000000000057,14.04985799579902,3.3335421605365512
0.77400000000000058,14.106169976661318,3.3398130862180393
0.77600000000000058,14.162707656544177,3.3462077337985892
0.77800000000000058,14.219471940051678,3.3527252240687804
0.78000000000000058,14.276463735413568,3.359364158154504
0.78200000000000058,14.33368395449979,3.3661226085133364
0.78400000000000059,14.391133512835069,3.3729981123339763
0.78600000000000059,14.448813329613564,3.3799876675390048
0.78800000000000059,14.506724327713576,3.3870877315818135
0.79000000000000059,14.564867433712307,3.3942942232157476
0.79200000000000059,14.623243577900695,3.4016025273972339
0.79400000000000059,14.681853694298292,3.4090075034648524
0.7960000000000006,14.740698720668211,3.4165034967130281
0.7980000000000006,14.79977959853213,3.4240843534523684
0.8000000000000006,14.859097273185354,3.4317434396188653
0.8020000000000006,14.918652693711943,3.4394736629615026
0.8040000000000006,14.978446812999895,3.4472674988026535
0.8060000000000006,15.038480587756396,3.4551170193284593
0.80800000000000061,15.098754978523122,3.4630139263277284
0.81000000000000061,15.159270949691612,3.4709495872583509
0.81200000000000061,15.220029469518694,3.4789150744804962
0.81400000000000061,15.281031510141982,3.4869012074566421
0.81600000000000061,15.342278047595428,3.4948985976804989
0.81800000000000062,15.403770061824938,3.5028976960608995
0.82000000000000062,15.465508536704052,3.5108888424534319
0.82200000000000062,15.527494460049683,3.5188623170026818
0.82400000000000062,15.589728823637929,3.5268083929320491
0.82600000000000062,15.652212623219933,3.5347173903967586
0.82800000000000062,15.714946858537823,3.5425797309993348
0.83000000000000063,15.777932533340703,3.5503859925557948
0.83200000000000063,15.841170655400711,3.5581269636953503
0.83400000000000063,15.904662236529152,3.5657936978765705
0.83600000000000063,15.968408292592677,3.573377566408694
0.83800000000000063,16.032409843529543,3.580870310077902
0.84000000000000064,16.096667913365931,3.5882640889945834
0.84200000000000064,16.161183530232329,3.5955515302984713
0.84400000000000064,16.225957726379981,3.6027257733835283
0.84600000000000064,16.29099153819741,3.6097805123329478
0.84800000000000064,16.356286006226991,3.6167100352859758
0.85000000000000064,16.421842175181606,3.6235092604916983
0.85200000000000065,16.487661093961357,3.630173768839744
0.85400000000000065,16.553743815670348,3.6366998326932785
0.85600000000000065,16.620091397633537,3.6430844408849863
0.85800000000000065,16.686704901413652,3.6493253197712554
0.86000000000000065,16.753585392828171,3.6554209502728749
0.86200000000000065,16.820733941966385,3.6613705808616617
0.86400000000000066,16.888151623206511,3.6671742364810647
0.86600000000000066,16.955839515232892,3.6728327234145692
0.86800000000000066,17.023798701053241,3.6783476301383313
0.87000000000000066,17.092030268015982,3.6837213242137272
0.87200000000000066,17.16053530782764,3.6889569452912885
0.87400000000000067,17.229314916570317,3.6940583943098066
0.87600000000000067,17.298370194719215,3.6990303189833074
0.87800000000000067,17.367702247160263,3.7038780956742796
0.88000000000000067,17.437312183207776,3.7086078077542362
0.88200000000000067,17.507201116622216,3.7132262205526776
0.88400000000000067,17.577370165628011,3.7177407529932176
0.88600000000000068,17.647820452931438,3.7221594460113963
0.88800000000000068,17.7185531057386,3.7264909278430496
0.89000000000000068,17.789569255773451,3.7307443762654904
0.89200000000000068,17.860870039295904,3.7349294778667375
0.89400000000000068,17.932456597120016,3.7390563844111488
0.89600000000000068,18.004330074632243,3.7431356663636337
0.89800000000000069,18.076491621809755,3.7471782636297286
0.90000000000000069,18.148942393238848,3.7511954335657895
0.90200000000000069,18.221683548133413,3.7551986963129798
0.90400000000000069,18.294716250353478,3.7591997775111632
0.90600000000000069,18.368041668423835,3.7632105484548304
0.9080000000000007,18.44166097555274,3.7672429637633011
0.9100000000000007,18.515575349650675,3.7713089966521531
0.9120000000000007,18.589785973349201,3.7754205719125813
0.9140000000000007,18.664294034019886,3.7795894967305541
0.9160000000000007,18.739100723793285,3.7838273895085117
0.9180000000000007,18.814207239578035,3.7881456068891253
0.92000000000000071,18.889614783079988,3.7925551692233928
0.92200000000000071,18.965324560821447,3.7970666847739856
0.92400000000000071,19.041337784160472,3.8016902729990232
0.92600000000000071,19.11765566931026,3.8064354873209041
0.92800000000000071,19.194279437358599,3.8113112378487437
0.93000000000000071,19.271210314287416,3.8163257145904361
0.93200000000000072,19.348449530992379,3.8214863117601592
0.93400000000000072,19.425998323302608,3.8267995538577755
0.93600000000000072,19.503857932000429,3.8322710242662623
0.93800000000000072,19.582029602841246,3.8379052971799346
0.94000000000000072,19.660514586573459,3.8437058737375103
0.94200000000000073,19.739314138958481,3.8496751232873687
0.94400000000000073,19.818429520790833,3.8558142307549721
0.94600000000000073,19.897861997918309,3.8621231511114664
0.94800000000000073,19.977612841262239,3.8686005719550836
0.95000000000000073,20.057683326837822,3.8752438852103612
0.95200000000000073,20.138074735774531,3.8820491689218151
0.95400000000000074,20.218788354336624,3.8890111800663654
0.95600000000000074,20.29982547394372,3.8961233592308506
0.95800000000000074,20.381187391191464,3.9033778478963432
0.96000000000000074,20.462875407872264,3.9107655189395039
0.96200000000000074,20.544890830996131,3.9182760208035421
0.96400000000000075,20.627234972811586,3.9258978356092396
0.96600000000000075,20.709909150826654,3.9336183512726257
0.96800000000000075,20.792914687829949,3.9414239474741457
0.97000000000000075,20.876252911911831,3.9493000950892707
0.97200000000000075,20.959925156485664,3.9572314684481991
0.97400000000000075,21.043932760309144,3.9652020695489423
0.97600000000000076,21.128277067505728,3.9731953631105719
0.97800000000000076,21.212959427586128,3.9811944211288015
0.98000000000000076,21.297981195469912,3.9891820753913616
0.98200000000000076,21.383343731507182,3.997141076232364
0.98400000000000076,21.469048401500334,4.005054255658866
0.98600000000000076,21.555096576725916,4.0129046928739438
0.98800000000000077,21.641489633956567,4.0206758801522877
0.99000000000000077,21.728228955483047,4.0283518869986832
0.99200000000000077,21.815315929136354,4.0359175205373194
0.99400000000000077,21.90275194830992,4.0433584801394478
0.99600000000000077,21.990538411981916,4.0506615043959986
0.99800000000000078,22.078676724737637,4.0578145086762261
1.0000000000000007,22.167168296791964,4.0648067116781093
1.0020000000000007,22.25601454401194,4.0716287495649715
1.0040000000000007,22.345216887939415,4.0782727764888298
1.0060000000000007,22.434776755813797,4.0847325505173062
1.0080000000000007,22.52469558059488,4.091003504200617
1.0100000000000007,22.614974800985781,4.0970827992314742
1.0120000000000007,22.70561586145595,4.1029693648577714
1.0140000000000007,22.796620212264287,4.1086639199004473
1.0160000000000007,22.88798930948235,4.1141689784028355
1.0180000000000007,22.979724615017641,4.1194888390900273
1.0200000000000007,23.071827596637007,4.1246295589455135
1.0220000000000007,23.164299727990119,4.1295989113168741
1.0240000000000007,23.25714248863305,4.1344063290430642
1.0260000000000007,23.350357364051952,4.139062833154342
1.0280000000000007,23.443945845686819,4.1435809477345344
1.0300000000000007,23.537909430955356,4.1479746015573191
1.0320000000000007,23.63224962327693,4.1522590171174167
1.0340000000000007,23.726967932096631,4.156450587678334
1.0360000000000007,23.822065872909423,4.160566742955341
1.0380000000000007,23.917544967284385,4.1646258040505595
1.0400000000000007,24.013406742889064,4.1686468282614202
1.0420000000000007,24.109652733513915,4.1726494443991431
1.0440000000000007,24.206284479096844,4.1766536792850353
1.0460000000000007,24.30330352574784,4.1806797761435153
1.0480000000000007,24.400711425773718,4.1847480056856554
1.0500000000000007,24.498509737702957,4.1888784707787341
1.0520000000000007,24.596700026310636,4.1930909057279218
1.0540000000000007,24.695283862643464,4.1974044713568883
1.0560000000000007,24.794262824044928,4.2018375472645317
1.0580000000000007,24.893638494180522,4.2064075228534028
1.0600000000000007,24.993412463063084,4.2111305889681745
1.0620000000000007,25.093586327078249,4.2160215322442012
1.0640000000000007,25.194161689009977,4.2210935345392055
1.0660000000000007,25.295140158066207,4.2263579800956199
1.0680000000000007,25.396523349904594,4.2318242733451239
1.0700000000000007,25.498312886658375,4.2374996705064163
1.0720000000000007,25.600510396962306,4.2433891283264948
1.0740000000000007,25.703117515978732,4.2494951734576301
1.0760000000000007,25.80613588542375,4.2558177960292412
1.0780000000000007,25.909567153593464,4.2623543709487093
1.0800000000000007,26.013412975390374,4.2690996103318977
1.0820000000000007,26.117675012349842,4.2760455502094628
1.0840000000000007,26.222354932666686,4.2831815742695314
1.0860000000000007,26.327454411221861,4.2904944768766313
1.0880000000000007,26.432975129609272,4.2979685669529486
1.0900000000000007,26.538918776162657,4.3055858135300689
1.0920000000000007,26.645287045982624,4.3133260328941541
1.0940000000000007,26.752081640963763,4.3211671162793248
1.0960000000000008,26.859304269821866,4.3290852960442052
1.0980000000000008,26.966956648121286,4.3370554472323706
1.1000000000000008,27.075040498302371,4.3450514204098765
1.1020000000000008,27.183557549709032,4.3530464007350984
1.1040000000000008,27.292509538616404,4.3610132873896275
1.1060000000000008,27.401898208258633,4.3689250868221441
1.1080000000000008,27.511725308856768,4.3767553127618832
1.1100000000000008,27.621992597646763,4.3844783856675926
1.1120000000000008,27.732701838907591,4.3920700242045339
1.1140000000000008,27.843854803989473,4.3995076214874587
1.1160000000000008,27.955453271342218,4.4067705991815789
1.1180000000000008,28.06749902654369,4.4138407330956513
1.1200000000000008,28.179993862328359,4.4207024446016874
1.1220000000000008,28.292939578616,4.4273430530379398
1.1240000000000008,28.406337982540482,4.4337529851550235
1.1260000000000008,28.520190888478687,4.4399259386072769
1.1280000000000008,28.63450011807954,4.4458589974322447
1.1300000000000008,28.749267500293151,4.4515526983638711
1.1320000000000008,28.864494871400083,4.4570110476590328
1.1340000000000008,28.980184075040736,4.4622414888592523
1.1360000000000008,29.09633696224483,4.4672548225449775
1.1380000000000008,29.212955391461044,4.4720650796622481
1.1400000000000008,29.330041228586733,4.476689350412868
1.1420000000000008,29.447596346997788,4.4811475710085888
1.1440000000000008,29.565622627578609,4.4854622708130467
1.1460000000000008,29.684121958752204,4.4896582825530116
1.1480000000000008,29.803096236510402,4.4937624183973117
1.1500000000000008,29.922547364444185,4.4978031148040465
1.1520000000000008,30.042477253774145,4.5018100491515289
1.1540000000000008,30.162887823381073,4.5058137313219691
1.1560000000000008,30.283780999836651,4.509845073623084
1.1580000000000008,30.405158717434279,4.5139349427315105
1.1600000000000008,30.52702291822003,4.5181136977378156
1.1620000000000008,30.649375552023717,4.5224107188738198
1.1640000000000008,30.77221857649009,4.5268539321084607
1.1660000000000008,30.89555395711016,4.531469335498425
1.1680000000000008,31.019383667252651,4.536280533953267
1.1700000000000008,31.143709688195564,4.5413082898890229
1.1720000000000008,31.268534009157886,4.5465700980545201
1.1740000000000008,31.393858627331419,4.5520797935640793
1.1760000000000008,31.519685547912726,4.5578472027921837
1.1780000000000008,31.646016784135217,4.5638778472051511
1.1800000000000008,31.77285435730137,4.5701727103433489
1.1820000000000008,31.900200296815061,4.5767280779479975
1.1840000000000008,32.028056640214039,4.5835354605801468
1.1860000000000008,32.156425433202529,4.5905816069526617
1.1880000000000008,32.285308729683955,4.597848614558985
1.1900000000000008,32.414708591793804,4.6053141420356773
1.1920000000000008,32.544627089932639,4.6129517250760017
1.1940000000000008,32.675066302799202,4.6207311946954714
1.1960000000000008,32.806028317423674,4.6286191933525362
1.1980000000000008,32.93751522920109,4.6365797809984839
1.2000000000000008,33.069529141924839,4.6445751197462135
1.2020000000000008,33.20207216782034,4.6525662226972786
1.2040000000000008,33.335146427578842,4.6605137497383149
1.2060000000000008,33.468754050391333,4.6683788309810961
1.2080000000000009,33.602897173982633,4.6761238971102781
1.2100000000000009,33.737577944645579,4.6837134953074688
1.2120000000000009,33.872798517275371,4.6911150696715609
1.2140000000000009,34.008561055404058,4.6982996861262452
1.2160000000000009,34.144867731235152,4.7052426836132595
1.2180000000000009,34.281720725678369,4.711924235783842
1.2200000000000009,34.419122228384538,4.7183298102568125
1.2220000000000009,34.557074437780635,4.7244505156276375
1.2240000000000009,34.695579561104957,4.7302833296058093
1.2260000000000009,34.834639814442433,4.7358312047600934
1.2280000000000009,34.974257422760076,4.7411030512230656
1.2300000000000009,35.1144346199426,4.7461135982457847
1.2320000000000009,35.255173648828155,4.7508831386409387
1.2340000000000009,35.396476761244202,4.7554371618921216
1.2360000000000009,35.53834621804355,4.7598058830620369
1.2380000000000009,35.68078428914054,4.7640236756616359
1.2400000000000009,35.82379325354735,4.7681284174298586
1.2420000000000009,35.967375399410457,4.7721607586209656
1.2440000000000009,36.111533024047255,4.776163323011537
1.2460000000000009,36.256268433982818,4.7801798525271799
1.2480000000000009,36.401583944986797,4.7842543072420884
1.2500000000000009,36.547481882110461,4.7884299335930596
1.2520000000000009,36.693964579723918,4.7927483150125907
1.2540000000000009,36.841034381553456,4.7972484208236414
1.2560000000000009,36.988693640719042,4.8019656711060437
1.2580000000000009,37.136944719771968,4.8069310372452714
1.2600000000000009,37.285789990732667,4.8121701998593904
1.2620000000000009,37.435231835128647,4.8177027875698943
1.2640000000000009,37.585272644032614,4.8235417213938865
1.2660000000000009,37.735914818100703,4.8296926901166879
1.2680000000000009,37.887160767610915,4.8361537815757218
1.2700000000000009,38.039012912501668,4.8429152930892272
1.2720000000000009,38.191473682410518,4.8499597410923077
1.2740000000000009,38.34454551671304,4.8572620852836623
1.2760000000000009,38.498230864561847,4.8647901762488805
1.2780000000000009,38.652532184925782,4.8725054277697986
1.2800000000000009,38.807451946629264,4.8803637061745491
1.2820000000000009,38.962992628391788,4.88831641960304
1.2840000000000009,39.119156718867572,4.8963117805546545
1.2860000000000009,39.275946716685404,4.9042962062180271
1.2880000000000009,39.433365130488589,4.9122158135306355
1.2900000000000009,39.591414478975111,4.9200179602815881
1.2920000000000009,39.750097290937909,4.9276527803141201
1.2940000000000009,39.909416105305368,4.9350746602641555
1.2960000000000009,40.069373471181912,4.9422436073139897
1.2980000000000009,40.229971947888806,4.9491264619367747
1.3000000000000009,40.391214105005112,4.9556979161434018
1.3020000000000009,40.553102522408771,4.9619413057535739
1.3040000000000009,40.715639790317923,4.9678491540544218
1.3060000000000009,40.878828509332322,4.9734234532397466
1.3080000000000009,41.042671290474956,4.9786756786689388
1.3100000000000009,41.207170755233811,4.98362653880202
1.3120000000000009,41.372329535603839,4.9883054703731569
1.3140000000000009,41.538150274129045,4.9927498938496848
1.3160000000000009,41.704635623944782,4.9970042485410842
1.3180000000000009,41.871788248820202,5.0011188300625289
1.320000000000001,42.039610823200874,5.0051484555080386
1.322000000000001,42.208106032251557,5.0091509839873378
1.324000000000001,42.377276571899202,5.0131857224694301
1.326000000000001,42.547125148876042,5.0173117494507453
1.328000000000001,42.717654480762938,5.0215861920327747
1.330000000000001,42.888867296032835,5.0260624956304305
1.332000000000001,43.060766334094431,5.0307887296533913
1.334000000000001,43.233354345336004,5.0358059768406038
1.336000000000001,43.406634091169416,5.0411468580251029
1.338000000000001,43.580608344074292,5.0468342473283547
1.340000000000001,43.755279887642395,5.0528802343600656
1.342000000000001,43.930651516622149,5.059285389094331
1.344000000000001,44.106726036963359,5.0660383809042253
1.346000000000001,44.283506265862101,5.0731159951231293
1.348000000000001,44.460995031805815,5.0804835781189608
1.350000000000001,44.639195174618536,5.0880959252994371
1.352000000000001,44.818109545506353,5.0958986063118656
1.354000000000001,44.997741007103016,5.103829699102314
1.356000000000001,45.178092433515751,5.1118218810830971
1.358000000000001,45.35916671037122,5.1198048033829107
1.360000000000001,45.540966734861719,5.1277076550787264
1.362000000000001,45.723495415791518,5.1354618103106704
1.364000000000001,45.906755673623401,5.1430034436820069
1.366000000000001,46.090750440525412,5.1502759990915763
1.368000000000001,46.275482660417737,5.1572324040904345
1.370000000000001,46.460955289019843,5.1638369351765521
1.372000000000001,46.647171293897735,5.1700666576855516
1.374000000000001,46.834133654511476,5.1759123852508777
1.376000000000001,47.021845362262816,5.1813791262351643
1.378000000000001,47.210309420543084,5.1864860062904032
1.380000000000001,47.399528844781237,5.1912656758997793
1.382000000000001,47.589506662492091,5.195763228535685
1.384000000000001,47.780245913324791,5.2000346686576915
1.386000000000001,47.971749649111416,5.2041449794151999
1.388000000000001,48.164020933915829,5.208165848257198
1.390000000000001,48.357062844082684,5.2121731155651885
1.392000000000001,48.550878468286662,5.2162440178410758
1.394000000000001,48.745470907581883,5.2204543036857585
1.396000000000001,48.940843275451527,5.2248753082717032
1.398000000000001,49.136998697857649,5.2295710802672151
1.400000000000001,49.333940313291194,5.2345956636852167
1.402000000000001,49.531671272822209,5.2399906447928863
1.404000000000001,49.730194740150267,5.2457830793763645
1.406000000000001,49.929513891655077,5.2519839162568802
1.408000000000001,50.129631916447323,5.2585870268135562
1.410000000000001,50.330552016419659,5.2655689354247146
1.412000000000001,50.532277406297979,5.272889320901327
1.414000000000001,50.734811313692823,5.2804923239690273
1.416000000000001,50.938156979151032,5.2883086519292313
1.418000000000001,51.142317656207588,5.2962584216612338
1.420000000000001,51.347296611437677,5.3042546304224691
1.422000000000001,51.553097124508959,5.3122070957254168
1.424000000000001,51.759722488234033,5.3200266663669389
1.426000000000001,51.967176008623127,5.327629481185773
1.428000000000001,52.175461004936992,5.334941043474811
1.430000000000001,52.384580809740015,5.3418998881574016
1.432000000000001,52.594538768953534,5.348460644494951
1.4340000000000011,52.805338241909368,5.3545963358302178
1.4360000000000011,53.016982601403591,5.3602998049392463
1.4380000000000011,53.229475233750463,5.3655842037722028
1.4400000000000011,53.442819538836638,5.3704825349809386
1.4420000000000011,53.657018930175546,5.3750462761112123
1.4440000000000011,53.872076834962023,5.3793431537141227
1.4460000000000011,54.087996694127135,5.3834541635677891
1.4480000000000011,54.304781962393228,5.3874699557264352
1.4500000000000011,54.522436108329224,5.39148672114165
1.4520000000000011,54.740962614406101,5.3956017323233203
1.4540000000000011,54.960364977052613,5.3999087057819937
1.4560000000000011,55.180646706711244,5.4044931697813681
1.4580000000000011,55.401811327894372,5.409428036865731
1.4600000000000011,55.623862379240649,5.4147695947875594
1.4620000000000011,55.846803413571642,5.4205541383829008
1.4640000000000011,56.070637997948651,5.4267954639783866
1.4660000000000011,56.295369713729798,5.4334834319482397
1.4680000000000011,56.521002156627333,5.4405837675533055
1.4700000000000011,56.74753893676516,5.448039212545905
1.4720000000000011,56.974983678736585,5.4557720606999469
1.4740000000000011,57.203340021662342,5.4636880139034236
1.4760000000000011,57.432611619248782,5.4716811903172919
1.4780000000000011,57.662802139846363,5.4796400141799415
1.4800000000000011,57.893915266508316,5.4874536313028486
1.4820000000000011,58.125954697049607,5.4950184372100344
1.4840000000000011,58.358924144106069,5.5022442845835826
1.4860000000000011,58.592827335193832,5.5090599560341884
1.4880000000000011,58.827668012768939,5.5154175439559845
1.4900000000000011,59.063449934287242,5.5212954628182613
1.4920000000000011,59.300176872264515,5.5266999189561172
1.4940000000000011,59.537852614336813,5.5316647664135044
1.4960000000000011,59.776480963321085,5.5362497742096206
1.4980000000000011,60.016065737276001,5.5405374136776384
1.5000000000000011,60.256610769563054,5.5446283416302027
1.5020000000000011,60.498119908907896,5.5486358072135511
1.5040000000000011,60.740597019461909,5.5526792511685139
1.5060000000000011,60.984045980864032,5.5568774004365249
1.5080000000000011,61.228470688302842,5.5613411923526401
1.5100000000000011,61.473875052578876,5.5661668923076144
1.5120000000000011,61.720263000167193,5.5714297944751872
1.5140000000000011,61.967638473280211,5.5771789108816545
1.5160000000000011,62.216005429930782,5.583433050388618
1.5180000000000011,62.465367843995502,5.590178655176639
1.5200000000000011,62.715729705278321,5.5973696883261796
1.5220000000000011,62.967095019574366,5.604929746885289
1.5240000000000011,63.219467808734024,5.6127564129200298
1.5260000000000011,63.472852110727302,5.6207276627279192
1.5280000000000011,63.727251979708441,5.6287099533614056
1.5300000000000011,63.982671486080768,5.6365674238667252
1.5320000000000011,64.239114716561843,5.6441715148429816
1.5340000000000011,64.496585774248814,5.6514102466564475
1.5360000000000011,64.755088778684097,5.6581964147052046
1.5380000000000011,65.014627865921284,5.664474055810909
1.5400000000000011,65.27520718859131,5.6702226961422708
1.5420000000000011,65.536830915968892,5.6754590826173166
1.5440000000000011,65.79950323403925,5.6802362992478317
1.5460000000000012,66.063228345565065,5.6846403546867013
1.5480000000000012,66.328010470153771,5.6887844833485604
1.5500000000000012,66.593853844324997,5.6928015257957876
1.5520000000000012,66.860762721578396,5.6968348486350378
1.5540000000000012,67.128741372461704,5.7010283383169282
1.5560000000000012,67.397794084639045,5.7055160651098635
1.5580000000000012,67.667925162959563,5.7104122667218968
1.5600000000000012,67.93913892952628,5.7158023416181472
1.5620000000000012,68.211439723765238,5.7217355575397644
1.5640000000000012,68.484831902494946,5.7282201517655711
1.5660000000000012,68.75931983999611,5.7352214047668637
1.5680000000000012,69.03490792808158,5.7426630915683701
1.5700000000000012,69.31160057616664,5.7504324519846621
1.5720000000000012,69.589402211339575,5.7583884884039911
1.5740000000000012,69.868317278432457,5.7663730361852421
1.5760000000000012,70.148350240092327,5.7742237121101088
1.5780000000000012,70.429505576852534,5.7817875906994054
1.5800000000000012,70.711787787204472,5.7889343357536127
1.5820000000000012,70.995201387669525,5.7955675494171981
1.5840000000000012,71.279750912871336,5.8016332855987089
1.5860000000000012,71.565440915608391,5.8071249719286131
1.5880000000000012,71.852275966926825,5.8120843407300375
1.5900000000000012,72.14026065619359,5.8165983296554771
1.5920000000000012,72.42939959116984,5.820792234538775
1.5940000000000012,72.719697398084705,5.8248196590084671
1.5960000000000012,73.011158721709293,5.8288500061993052
1.5980000000000012,73.303788225431006,5.8330544096320898
1.6000000000000012,73.597590591328142,5.8375911182465545
1.6020000000000012,73.892570520244817,5.8425914424324032
1.6040000000000012,74.188732731866196,5.8481474263920168
1.6060000000000012,74.486081964793982,5.8543024125410659
1.6080000000000012,74.784622976622245,5.8610455683673601
1.6100000000000012,75.084360544013535,5.8683112167638001
1.6120000000000012,75.385299462775322,5.8759834252237368
1.6140000000000012,75.687444547936735,5.8839057793152909
1.6160000000000012,75.990800633825586,5.8918956479765434
1.6180000000000012,76.295372574145716,5.89976163963291
1.6200000000000012,76.601165242054662,5.9073224659424213
1.6220000000000012,76.908183530241644,5.9144251776599441
1.6240000000000012,77.216432351005821,5.9209607714974712
1.6260000000000012,77.525916636334898,5.9268754792794711
1.6280000000000012,77.836641337984048,5.9321765713814072
1.6300000000000012,78.148611427555124,5.9369321301151823
1.6320000000000012,78.4618318965762,5.9412648696288883
1.6340000000000012,78.776307756581474,5.9453406204962027
1.6360000000000012,79.092044039191421,5.949352525847714
1.6380000000000012,79.409045796193297,5.9535023160273965
1.6400000000000012,79.727318099621968,5.9579802642086914
1.6420000000000012,80.046866041841085,5.9629455957812976
1.6440000000000012,80.367694735624539,5.968509224967379
1.6460000000000012,80.689809314238275,5.9747206850756243
1.6480000000000012,81.013214931522427,5.9815609396030585
1.6500000000000012,81.337916761973759,5.9889423429807049
1.6520000000000012,81.663920000828497,5.9967163287170244
1.6540000000000012,81.99122986414541,6.0046884754497842
1.6560000000000012,82.319851588889293,6.0126395623860818
1.6580000000000013,82.649790433014758,6.0203502711727026
1.6600000000000013,82.981051675550347,6.0276265368381248
1.6620000000000013,83.313640616683017,6.0343223581215737
1.6640000000000013,83.647562577842905,6.0403571962373075
1.6660000000000013,83.982822901788523,6.0457258399808209
1.6680000000000013,84.319426952692197,6.0504996180631236
1.6700000000000013,84.657380116225937,6.0548188939813157
1.6720000000000013,84.99668779964756,6.0588777232706734
1.6740000000000013,85.337355431887246,6.0629023057066496
1.6760000000000013,85.679388463634368,6.0671254201872431
1.6780000000000013,86.022792367424742,6.0717594222836073
1.6800000000000013,86.367572637728145,6.0769706404002628
1.6820000000000013,86.713734791036259,6.0828581055151849
1.6840000000000013,87.061284365950925,6.0894394113490904
1.6860000000000013,87.410226923272759,6.0966460111545837
1.6880000000000013,87.760568046090114,6.1043293229542384
1.6900000000000013,88.112313339868436,6.1122776457067518
1.6920000000000013,88.465468432539922,6.1202422491289186
1.6940000000000013,88.820038974593587,6.1279694062765717
1.6960000000000013,89.176030639165674,6.1352339756946304
1.6980000000000013,89.533449122130421,6.1418697247242653
1.7000000000000013,89.892300142191161,6.1477920360637563
1.7020000000000013,90.252589440971889,6.153009830421289
1.7040000000000013,90.61432278310906,6.1576251602001104
1.7060000000000013,90.977505956343862,6.1618206235931927
1.7080000000000013,91.342144771614826,6.1658362379185236
1.7100000000000013,91.70824506315077,6.1699385664628661
1.7120000000000013,92.07581268856417,6.1743857149591816
1.7140000000000013,92.444853528944861,6.1793923527039807
1.7160000000000013,92.815373488954179,6.1850991783305274
1.7180000000000013,93.187378496919379,6.1915511530687031
1.7200000000000013,93.560874504928535,6.1986881923876753
1.7220000000000013,93.935867488925737,6.2063506739547174
1.7240000000000013,94.312363448806721,6.2143000653107956
1.7260000000000013,94.690368408514885,6.2222524433389594
1.7280000000000013,95.069888416137644,6.2299201924618499
1.7300000000000013,95.45092954400323,6.2370553870651513
1.7320000000000013,95.833497888777799,6.2434878202817954
1.7340000000000013,96.217599571563042,6.2491515093597316
1.7360000000000013,96.603240737994071,6.2540955255229207
1.7380000000000013,96.990427558337785,6.2584776030324987
1.7400000000000013,97.379166227591554,6.2625415785022414
1.7420000000000013,97.769462965582392,6.2665818847898151
1.7440000000000013,98.16132401706642,6.270899925300415
1.7460000000000013,98.554755651828842,6.2757582162051833
1.7480000000000013,98.949764164784185,6.281338751205733
1.7500000000000013,99.346355876077098,6.2877120324939986
1.7520000000000013,99.744537131183421,6.2948223825313754
1.7540000000000013,100.14431430101173,6.302493234189761
1.7560000000000013,100.54569378200527,6.3104530329156772
1.7580000000000013,100.94868199624429,6.3183785550104572
1.7600000000000013,101.35328539154882,6.3259487123503941
1.7620000000000013,101.75951044158182,6.3328993627607533
1.7640000000000013,102.16736364595276,6.3390691208272099
1.7660000000000013,102.5768515303216,6.3444278550092887
1.7680000000000013,102.98798064650325,6.3490829150773065
1.7700000000000014,103.4007575725723,6.3532621777129128
1.7720000000000014,103.81518891296841,6.3572767905765
1.7740000000000014,104.23128129860186,6.3614694857589811
1.7760000000000014,104.64904138695968,6.3661563906633631
1.7780000000000014,105.06847586221221,6.3715714461409831
1.7800000000000014,105.48959143531999,6.3778228019725027
1.7820000000000014,105.91239484414119,6.3848696023635014
1.7840000000000014,106.33689285353935,6.392524984062379
1.7860000000000014,106.7630922554917,6.4004867361504711
1.7880000000000014,107.19099986919774,6.4083914477230524
1.7900000000000014,107.62062254118844,6.4158824401715551
1.7920000000000014,108.0519671454357,6.4226780874534111
1.7940000000000014,108.48504058346239,6.4286266035023498
1.7960000000000014,108.91984978445278,6.433736236397932
1.7980000000000014,109.35640170536334,6.438175059827361
1.8000000000000014,109.79470333103413,6.4422405781051513
1.8020000000000014,110.2347616743005,6.446304746837014
1.8040000000000014,110.67658377610533,6.450744032454871
1.8060000000000014,111.12017670561168,6.4558666705077767
1.8080000000000014,111.56554756031589,6.4618503546918529
1.8100000000000014,112.01270346616113,6.4687029291238618
1.8120000000000014,112.46165157765142,6.4762556883281501
1.8140000000000014,112.91239907796616,6.4841932150796859
1.8160000000000014,113.36495317907493,6.4921158249507664
1.8180000000000014,113.81932112185302,6.4996224780640208
1.8200000000000014,114.27551017619722,6.5063961549504574
1.8220000000000014,114.7335276411421,6.5122724322387215
1.8240000000000014,115.1933808449769,6.5172758797430355
1.8260000000000014,115.65507714536268,6.5216164791677675
1.8280000000000014,116.1186239294501,6.5256470156548625
1.8300000000000014,116.58402861399757,6.5297901093607216
1.8320000000000014,117.05129864549001,6.5344491326373992
1.8340000000000014,117.52044150025786,6.5399204952064576
1.8360000000000014,117.99146468459682,6.5463255799741153
1.8380000000000014,118.46437573488789,6.5535784103219568
1.8400000000000014,118.93918221771797,6.5613991158358136
1.8420000000000014,119.41589173000089,6.5693734092112805
1.8440000000000014,119.89451189909904,6.5770464265947624
1.8460000000000014,120.37505038294532,6.5840291259114387
1.8480000000000014,120.85751487016573,6.5900909757005133
1.8500000000000014,121.34191308020236,6.5952158659045628
1.8520000000000014,121.82825276343691,6.599607757232774
1.8540000000000014,122.31654170131466,6.6036449688342858
1.8560000000000014,122.80678770646907,6.6077935025344123
1.8580000000000014,123.29899862284665,6.6124982849474847
1.8600000000000014,123.79318232583259,6.6180760869793538
1.8620000000000014,124.28934672237665,6.6246349278108774
1.8640000000000014,124.78749975111978,6.632041166039027
1.8660000000000014,125.28764938252107,6.6399461776228073
1.8680000000000014,125.78980361898527,6.6478699139017214
1.8700000000000014,126.2939704949909,6.6553221193289014
1.8720000000000014,126.80015807721873,6.6619295011545487
1.8740000000000014,127.30837446468085,6.6675341456232973
1.8760000000000014,127.81862778885034,6.6722364651198909
1.8780000000000014,128.33092621379123,6.6763715387305771
1.8800000000000014,128.84527793628928,6.6804250461514201
1.8820000000000014,129.36169118598301,6.6849093399338271
1.8840000000000015,129.88017422549544,6.6902294387698493
1.8860000000000015,130.40073535056624,6.6965723076455301
1.8880000000000015,130.92338289018454,6.7038498696619309
1.8900000000000015,131.44812520672212,6.711715307083634
1.8920000000000015,131.97497069606723,6.7196533354292045
1.8940000000000015,132.50392778775895,6.7271223904308899
1.8960000000000015,133.03500494512204,6.7337083818291354
1.8980000000000015,133.56821066540232,6.7392442341555592
1.9000000000000015,134.1035534799027,6.7438597000491738
1.9020000000000015,134.64104195411963,6.747947254257439
1.9040000000000015,135.18068468788019,6.752053717879221
1.9060000000000015,135.7224903154796,6.7567266275300346
1.9080000000000015,136.26646750581946,6.7623561348188455
1.9100000000000015,136.81262496254644,6.7690563968822159
1.9120000000000015,137.36097142419149,6.7766235136828419
1.9140000000000015,137.91151566430969,6.784588415051771
1.9160000000000015,138.46426649162063,6.7923545516304591
1.9180000000000015,139.01923275014937,6.7993804060921352
1.9200000000000015,139.57642331936785,6.8053487459541868
1.9220000000000015,140.13584711433705,6.8102675531385781
1.9240000000000015,140.69751308584966,6.8144704649749892
1.9260000000000015,141.2614302205732,6.8185167947558396
1.9280000000000015,141.82760754119386,6.8230208028015342
1.9300000000000015,142.39605410656083,6.8284598129644909
1.9320000000000015,142.96677901183128,6.8350185570752036
1.9340000000000015,143.53979138861587,6.8425209333514756
1.9360000000000015,144.11510040512488,6.8504778771953756
1.9380000000000015,144.69271526631482,6.8582430377146357
1.9400000000000015,145.2726452140358,6.8652276163664592
1.9420000000000015,145.85489952717936,6.8711003668570756
1.9440000000000015,146.43948752182692,6.8759022118436581
1.9460000000000015,147.02641855139888,6.8800358192846085
1.9480000000000015,147.61570200680421,6.8841337657016943
1.9500000000000015,148.20734731659081,6.8888476971523316
1.9520000000000015,148.80136394709623,6.8946254622608354
1.9540000000000015,149.39776140259923,6.9015499413291099
1.9560000000000015,149.99654922547182,6.9092993126289661
1.9580000000000015,150.59773699633195,6.9172517639694
1.9600000000000015,151.20133433419676,6.9247048356488845
1.9620000000000015,151.80735089663656,6.9311311829318836
1.9640000000000015,152.41579637992928,6.9363739710285843
1.9660000000000015,153.0266805192156,6.9407077273025175
1.9680000000000015,153.6400130886548,6.9447422739548719
1.9700000000000015,154.25580390158106,6.94920378580992
1.9720000000000015,154.87406281066055,6.9546685852378012
1.9740000000000015,155.49479970804899,6.9613433923470396
1.9760000000000015,156.11802452554997,6.9689761946427309
1.9780000000000015,156.74374723477391,6.976941259130431
1.9800000000000015,157.37197784729744,6.9844757586250745
1.9820000000000015,158.00272641482383,6.9909786845117257
1.9840000000000015,158.63600302934356,6.9962507475490296
1.9860000000000015,159.271817823296,7.0005769695254667
1.9880000000000015,159.91018096973141,7.0046189554648706
1.9900000000000015,160.55110268247378,7.0091580634471597
1.9920000000000015,161.19459321628415,7.0147855770204375
1.9940000000000015,161.8406628670248,7.0216583664432486
1.9960000000000016,162.48932197182393,7.0294221716844776
1.9980000000000016,163.14058090924104,7.0373461690098846
2,163.79445009943251,7.0446238870118858
